,Title,Company,Links,Ratings,Address,Salary,Job description
0,"Software Engineer, University Graduate, Android (2022)",Google,https://uk.indeed.com/rc/clk?jk=58574a3d31216427&fccid=a5b4499d9e91a5c6&vjs=3,4.3,London,None,"Google's software engineers develop the next-generation technologies that change how billions of users connect, explore, and interact with information and one…"
1,Software Engineer,Microsoft,https://uk.indeed.com/rc/clk?jk=56b6290eab526ad9&fccid=734cb5a01ee60f80&vjs=3,4.2,London,None,The Microsoft Azure for Operators group leads the way in delivering cloud communication software for telecoms operators.
2,Senior Software Engineer - London,Cado Security Ltd,https://uk.indeed.com/pagead/clk?mo=r&ad=-6NYlbfkN0DKZD_w6knMReTzJentqdW9zchKhniZEcTxZ23mk92XvVauacdQF-5vkwL1jMK73nyNvyQO9Q3CEjJt9XRj6tiMWd3t3K1lat9enyQyhMVkvU6BduRPJPUPGm_fNHCfCMoJ4Qu8x0UqOk4TLj8OwMfuUgxfp4JYWBPoUEQupb4812Ay2yR5eQZr2ASxnX1v4knRrEKfMehZ9UcBu9e0fHNeTgoSa1oJ_E3bo9OkAsMoTl8345p4OhRavX4XGqd__7aWKMD-gq6YTZlW2aE0-6HN1Uzmvbf-vdXAhJOlI6nPenVxrwvHxny9o7qBcn-gPQy73-HYJUyohO2DUNlitYZLPszXJiOFedrzeSggMYvaKAuiPU3O_XhOw3f1pNNjWlhy8GEKv10k-ywes0F-MQKdelKyJAdoIbIXeW3EWkyxJ0jPmrR6bR2LmNuVT-MPTgeZ6xi0npbbKLJmNGxQu6WxmVDuiusttwpKpGFQVN-GHRnwxS8M2hMtql9cBV3Q3Bg=&p=2&fvj=1&vjs=3,None,London SE1 9LQ Remote,None,"Cado Security is looking for a full time senior developer/software engineer to help build our products.
Experience building and shipping reliable software."
3,Java Software Engineer - Equity Derivative Client Facing Pla...,"JPMorgan Chase Bank, N.A.",https://uk.indeed.com/rc/clk?jk=be31aae4f9a1e51c&fccid=aaf3b433897ea465&vjs=3,3.9,London,None,"Well-rounded software engineering skills across end-to-end software lifecycle.
Collaborate with engineers, business analysts, project managers, and sales and…"
4,Credit Technology - Front-End Software Engineer,"JPMorgan Chase Bank, N.A.",https://uk.indeed.com/rc/clk?jk=1fb447271fd71571&fccid=aaf3b433897ea465&vjs=3,3.9,London,None,"The role will combine all aspects of software development from design and build to deployment, working within a team of experienced technologists."
5,"Python Software Engineer, Explainable AI (XAI)","JPMorgan Chase Bank, N.A.",https://uk.indeed.com/rc/clk?jk=aced6c65dcff9560&fccid=aaf3b433897ea465&vjs=3,3.9,London,None,"We are looking for an experienced developer to help evolve projects from early stage code into production.
You will focus on projects around Explainable AI (XAI…"
6,Junior Software Engineer,Vodafone,https://uk.indeed.com/rc/clk?jk=53724ee22907e789&fccid=374d720d3973ca1c&vjs=3,3.9,London,None,"You may be looking for your first role after completing a relevant apprenticeship, degree or course, or maybe you’ve been building applications in your spare…"
7,Java Software Engineer - Interest Rate Derivative Team,"JPMorgan Chase Bank, N.A.",https://uk.indeed.com/rc/clk?jk=84d5988977137b87&fccid=aaf3b433897ea465&vjs=3,3.9,London,None,"Understanding of software skills such as business analysis, development, maintenance, and software improvement.
BS/BA degree or equivalent experience."
8,Software Engineer III,Bank of America,https://uk.indeed.com/rc/clk?jk=293ffdb34f472255&fccid=5bd99dfa21c8a490&vjs=3,3.8,Camberley,None,"Knowledge and experience of Agile and Lean software development practices.
Ensures that software is developed to meet functional, non-functional, and compliance…"
9,Junior Software Engineer,Citi,https://uk.indeed.com/rc/clk?jk=6beae33fe5175428&fccid=5bcd1ef0a7f4fb99&vjs=3,3.9,London,None,"Experience in systems analysis and programming of software applications.
The Applications Development Senior Programmer Analyst is an intermediate level…"
10,"Staff Software Engineer, Wear OS",Google,https://uk.indeed.com/rc/clk?jk=6322b9eee59ebcd4&fccid=a5b4499d9e91a5c6&vjs=3,4.3,London,None,"Google's software engineers develop the next-generation technologies that change how billions of users connect, explore, and interact with information and one…"
11,Software Engineer Apprentice,Lloyds Banking Group,https://uk.indeed.com/rc/clk?jk=52b45930987414a8&fccid=6423597f1cdb7b53&vjs=3,3.8,Bristol,"£27,540 - £32,130 a year","Build simple data models and software designs.
Learn how to write code and operate at all stages of the software development lifecycle."
12,Software Engineer - Mulesoft,Direct Line Group,https://uk.indeed.com/rc/clk?jk=576eb1921fca5381&fccid=9526cf37acc8babe&vjs=3,3.4,Bromley,None,"We welcome engineers with various levels of experience who have a willingness to learn.
Also, as part of the Engineering Chapter, you will be working with…"
13,"ICG Graduate Software Engineer, London (Europe, Middle East,...",Citi,https://uk.indeed.com/rc/clk?jk=1d5ee6db6965e617&fccid=5bcd1ef0a7f4fb99&vjs=3,3.9,London,None,"Technology Analysts participate in an intensive training program, where they receive in-depth education to learn the fundamentals of the Analyst role, including…"
14,"Software Engineer, Research, Engineering and Operations",Google,https://uk.indeed.com/rc/clk?jk=67e20ce770eba0b9&fccid=a5b4499d9e91a5c6&vjs=3,4.3,London,None,"Google's software engineers develop the next-generation technologies that change how billions of users connect, explore, and interact with information and one…"
15,Software Engineer,Vodafone,https://uk.indeed.com/rc/clk?jk=a713b749d2b1149b&fccid=374d720d3973ca1c&vjs=3,3.9,London,None,"You'll need excellent communication and will have the opportunity to work on the creation, design & functionality within key projects, spanning all of the…"
16,"Software Engineer, University Grad",Facebook App,https://uk.indeed.com/rc/clk?jk=6da0187b2d823dfd&fccid=ba07516c418dda52&vjs=3,4.1,London,None,"Demonstrate proficiency in data analysis, programming and software engineering.
Demonstrated software engineering experience from previous internship, work…"
17,JVM Software Engineering,"JPMorgan Chase Bank, N.A.",https://uk.indeed.com/rc/clk?jk=32a8f3b760c3da65&fccid=aaf3b433897ea465&vjs=3,3.9,London,None,"Strong understanding of software performance and trade-offs.
Leveraging a fully cloud native stack incorporating AWS, Apache Ignite, and Kafka you will be using…"
18,Software Engineering Apprenticeship Registration of Interest,MI5,https://uk.indeed.com/rc/clk?jk=23e818204b884ad2&fccid=231c81d7782c6a21&vjs=3,None,London,None,On this Software Engineering Apprenticeship You'll get exposure to some of the world's most cutting-edge technologies along with practical insights into the…
19,Python Software Engineer - Credit Trading,"JPMorgan Chase Bank, N.A.",https://uk.indeed.com/rc/clk?jk=9951ff5360c2164f&fccid=aaf3b433897ea465&vjs=3,3.9,London,None,"Experience working in a team with a strong software development process (build, test, deploy etc).
Enhance the team by demonstrating best practice throughout…"
20,Markets as a Service - Software Engineer,"JPMorgan Chase Bank, N.A.",https://uk.indeed.com/rc/clk?jk=1e45aed1041f2dea&fccid=aaf3b433897ea465&vjs=3,3.9,London,None,"Experience of full software development lifecycle and agile methodologies.
You do not necessarily need banking experience but must be highly motivated with a…"
21,Part-time software developer,Codeface Ltd,https://uk.indeed.com/company/Codeface-Ltd/jobs/Part-Time-Software-Developer-568d733d997712e9?fccid=f5bce5fdfb27fea5&vjs=3,None,Hove BN3 Remote,£10 - £15 an hour,"This role might suit a current computer science student looking for a first part-time job or commercial experience.
Part-time hours: 20 per week."
22,Python Software Engineer - Global Rates Technology,"JPMorgan Chase Bank, N.A.",https://uk.indeed.com/rc/clk?jk=d8ab6f9ead48567e&fccid=aaf3b433897ea465&vjs=3,3.9,London,None,"Assesses the vision of the business or key stakeholders and advises on technology options, risks, and costs versus benefits of various approaches."
23,2022 EMEA Software Engineer Program - Full-time - Bournemout...,"JPMorgan Chase Bank, N.A.",https://uk.indeed.com/rc/clk?jk=845dab7e6d893e13&fccid=aaf3b433897ea465&vjs=3,3.9,London,None,"Create and improve the design, analytics, coding and testing for high-quality software and new products.
Dive head-first into creating innovative solutions that…"
24,Software Engineering Intern (Gameplay) - Microsoft Studios -...,Microsoft,https://uk.indeed.com/rc/clk?jk=e0e099fbdeecea88&fccid=734cb5a01ee60f80&vjs=3,4.2,Twycross,None,"Supported technical design to ship story quests.
Originate, implement, and iterate on game features in conjunction with other Engineers, Designers, Artists and…"
25,Software Engineer - Fullstack,"JPMorgan Chase Bank, N.A.",https://uk.indeed.com/rc/clk?jk=3bbf48cfefc78f61&fccid=aaf3b433897ea465&vjs=3,3.9,Glasgow,None,"The CTO will drive Modern Engineering Practices across the firm and provide the pathway for technologist to improve their speed, quality and application…"
26,Graduate Software Engineer,Dyson,https://uk.indeed.com/rc/clk?jk=437048cfd12fa7aa&fccid=366382f52796fce2&vjs=3,3.5,Malmesbury,None,"Our software and hardware need to combine to make our machines intelligent, so you’ll be interacting with teams from product developers to electronics engineers…"
27,Software Engineer (Test),BBC,https://uk.indeed.com/rc/clk?jk=d7d63b347938b0c0&fccid=40bdb3ff12c06472&vjs=3,4.2,London,None,"Our software opens the gateway to personalisation across the web, mobile applications, and voice interfaces.
As a Software Engineer in Test with the BBC Account…"
28,Junior Developer,NHS England and NHS Improvement,https://uk.indeed.com/rc/clk?jk=133a55d7176a0e49&fccid=5e09fe1d8b7aaed9&vjs=3,3.0,London SE1 6LH Temporarily Remote,"£40,057 - £45,839 a year",Having a national incident management system for the NHS allows patterns and trends that are not visible locally to be picked up more effectively as part of the…
29,Java Software Engineer - Trading Technology,"JPMorgan Chase Bank, N.A.",https://uk.indeed.com/rc/clk?jk=fc46db6c78207193&fccid=aaf3b433897ea465&vjs=3,3.9,London,None,"Have good understanding of modern software architecture.
Are passionate technologists who care about the code they engineer the quality and elegance of the…"
30,Junior Software Engineer,Velocity Composites,https://uk.indeed.com/rc/clk?jk=cd1ecd4a7d044087&fccid=74f7bf881f8203ad&vjs=3,3.7,Remote,None,"We are looking for a junior software engineer skilled in both front and back-end programming.
You will assist and support the continued development of bespoke…"
31,Java Software Engineer,"JPMorgan Chase Bank, N.A.",https://uk.indeed.com/rc/clk?jk=e74f04ab821d8456&fccid=aaf3b433897ea465&vjs=3,3.9,London,None,"CI/CD technology and principles.
Knowledge of Agile and experience in Scrum is essential.
Experience of automated end to end testing and TDD/BDD."
32,Software Engineer - Azure for Operators Desktop,Microsoft,https://uk.indeed.com/rc/clk?jk=197b40bb8ef8cc45&fccid=734cb5a01ee60f80&vjs=3,4.2,London,None,"1-2 years of experience in software development.
Working with cross-functional technical teams to understand complex product requirements and translate them…"
33,Junior Backend Software Engineer,Parsons,https://uk.indeed.com/rc/clk?jk=41d5193d5f174f7a&fccid=e8f998ddd15bac9c&vjs=3,3.9,London Remote,None,"Improve existing applications, systems and software.
Collaborate with internal teams to produce software design and architecture.
Experience with C# or Java."
34,Junior Software Engineer,Red Fox ID Limited,https://uk.indeed.com/company/Red-Fox-ID-Limited/jobs/Junior-Software-Engineer-410a1359704b30e2?fccid=e8130735607efb28&vjs=3,None,Aylesbury HP17 8JB Temporarily Remote,"£30,000 - £40,000 a year",Evaluate performance of software using appropriate tools to ensure that the software operates within acceptable performance boundaries.
35,Software Engineer,TikTok,https://uk.indeed.com/rc/clk?jk=e6297a5bbcf546e0&fccid=caed318a9335aac0&vjs=3,3.5,London,None,"Build highly scalable systems including ad fraud detection, risk control, ads integrity systems, to improve TikTok user's experiences with ads across the…"
36,KDB Software Engineer - Macro Technology - Vice President,"JPMorgan Chase Bank, N.A.",https://uk.indeed.com/rc/clk?jk=f37546400a9d9d12&fccid=aaf3b433897ea465&vjs=3,3.9,London,None,"Your deep knowledge of design, analytics, development, coding, testing and application programming will help your team raise their game, meeting your standards,…"
37,Software Engineer,Lindus Health,https://uk.indeed.com/rc/clk?jk=483129c9774d3637&fccid=08d2390106bb218e&vjs=3,None,London Temporarily Remote,"£55,000 - £80,000 a year","Help grow the product & engineering team by interviewing candidates, onboarding new hires and possibly mentoring junior engineers."
38,KDB Software Engineer - Associate,"JPMorgan Chase Bank, N.A.",https://uk.indeed.com/rc/clk?jk=99c05312e36d7ebb&fccid=aaf3b433897ea465&vjs=3,3.9,London,None,"Advanced knowledge of software architecture and design.
Understanding and application of modern software development lifecycle practices."
39,Python Software Engineer (Athena Rates Technology),"JPMorgan Chase Bank, N.A.",https://uk.indeed.com/rc/clk?jk=d7f1812cc394e94e&fccid=aaf3b433897ea465&vjs=3,3.9,London,None,Partner with the business to analyze and define requirements as well as roadmaps for the rapidly evolving product set and client requirements.
40,"Software Engineer, University Graduate, 2022",Wing,https://uk.indeed.com/rc/clk?jk=a57c2eceaca5b682&fccid=0320bbff280ba20c&vjs=3,None,London,None,"Build the next generation of drone delivery software and services.
Strong foundation in computer science, data structures, algorithms and software design."
41,Junior Software Engineer (London),Echobox,https://uk.indeed.com/rc/clk?jk=f22f884a0d810455&fccid=31841269d7b4c0db&vjs=3,None,London,None,"Experience developing software as part of a team, e.g. open source software projects.
An understanding of software security.
Fluent written and spoken English."
42,Software Engineer - Guidewire,Direct Line Group,https://uk.indeed.com/rc/clk?jk=3eea1c648a033a37&fccid=9526cf37acc8babe&vjs=3,3.4,Bromley,None,"We welcome engineers with various levels of experience who have a willingness to learn.
We are looking for Software Engineers (SEs) who are passionate about…"
43,"Software Engineer (Multiple roles, multiple locations)",Thales Group,https://uk.indeed.com/rc/clk?jk=b1eb0166b1722d30&fccid=b920aab5fd60595d&vjs=3,3.9,Crawley,None,"You are able to simplify complex technical subjects to the team’s stakeholders, junior members and role-model resilience over delivery bumps."
44,Full Stack Software Engineer,Freelancer.com,https://uk.indeed.com/pagead/clk?mo=r&ad=-6NYlbfkN0A6JqFWlkrb2vcPRtnK4HmrWSESbHDmTGKTJaqmuK03XnMbGOUvPjqQBr5eBGFsrchz3WMaFDANdJcAff48IX-YqvAPP_idOEyuhk_yB9zzSaZ4PzRhYEpNwF1CUUviXCcguRr4cx2raJy9VZsxXZSyNxsCvkr5TvL133NXhbVqwyFyAPeAzrJgI7BULOmJXZQsfb0iuMb120z3yx4XDEliy7yLEphXfbJnQkjLMV3s8EdIUBkr_cLKhKgmAvyCiQ_DnJE5UX11qPkjz8kXtNWV0gjYFUpUjDljrBo5os16ymlvEf1gPsCrBgD76yf-kvSAq0N8LLR0lwa5RnNiGboEKdDyItyDpeQEBMpVbN2xHmUe65N1G-w350m-VC7vm1rsbykrNdSA8T2axCD0tLM-5NZrM5Etr_8s7im5s_qkQE1HJLfDVxGPqGm1DZeknCFmXXBouf_Te7zcwrR6oV2foI8qbvAwwJaDQIqpXn_nctoQox0mN0rMWY8ul44-Wz8=&p=44&fvj=1&vjs=3,3.8,London Temporarily Remote,"£35,000 - £60,000 a year","We are looking for full stack software engineers.
From design, writing, data entry and software development; through to sales, marketing, accounting and legal…"
45,"Full Stack Software Engineer (Python, JavaScript, TypeScript...","JPMorgan Chase Bank, N.A.",https://uk.indeed.com/rc/clk?jk=decb588474233142&fccid=aaf3b433897ea465&vjs=3,3.9,London,None,"We are looking for a hands-on software engineer to work on, collaborate in the design, implementation and deployment of tools that will improve productivity of…"
46,Software Engineer (Python/Javascript),Precision Microdrives,https://uk.indeed.com/company/Precision-Microdrives/jobs/Software-Engineer-01b57b2204ac4840?fccid=ac2e4d8cef116119&vjs=3,None,London Remote,"£26,473 - £73,033 a year","Keep a shared knowledge base for all software engineers.
To keep our business functioning, we develop our own business and operations software (ERP/MRP) from…"
47,Junior Software Engineer - API Platform,"JPMorgan Chase Bank, N.A.",https://uk.indeed.com/rc/clk?jk=71ad45c1af7d51a5&fccid=aaf3b433897ea465&vjs=3,3.9,Glasgow,None,"You might be recently graduated with a CompSci degree, or already be working in a junior software engineer role, or perhaps you found programming during your…"
48,Java Software Engineer,News UK,https://uk.indeed.com/company/News-UK/jobs/Java-Software-Engineer-d229ff422fe1d87b?fccid=8ed9c29d0fd75ef3&vjs=3,4.1,London Remote,"£57,495 - £83,214 a year","You have a good working knowledge of at least one language (preferably Java or Go).
You understand the principles of build tools and automated deployment and…"
49,Python Software Engineer - Finance,"JPMorgan Chase Bank, N.A.",https://uk.indeed.com/rc/clk?jk=bcac65dc43946617&fccid=aaf3b433897ea465&vjs=3,3.9,Glasgow,None,"A passion for software engineering quality, Agile delivery and continuous improvement.
Experience with Test Driven Development in building scalable and flexible…"
50,Java Software Engineer,News UK,https://uk.indeed.com/company/News-UK/jobs/Java-Software-Engineer-d229ff422fe1d87b?fccid=8ed9c29d0fd75ef3&vjs=3,4.1,London Remote,"£57,495 - £83,214 a year","You have a good working knowledge of at least one language (preferably Java or Go).
You understand the principles of build tools and automated deployment and…"
51,,,https://uk.indeed.com/rc/clk?jk=bcac65dc43946617&fccid=aaf3b433897ea465&vjs=3,,,None,
52,,,https://uk.indeed.com/rc/clk?jk=64a0b8982e7fa0fb&fccid=4a3a2b1eb3ec0691&vjs=3,,,,
53,,,https://uk.indeed.com/rc/clk?jk=05c900253b4db305&fccid=31841269d7b4c0db&vjs=3,None,,None,
54,,,https://uk.indeed.com/rc/clk?jk=98a9fe81a2a97428&fccid=5b2230d812e38972&vjs=3,None,,None,
55,,,https://uk.indeed.com/rc/clk?jk=ee3bc79100ca6099&fccid=4899a85209d20142&vjs=3,None,,None,
56,,,https://uk.indeed.com/rc/clk?jk=ac84c80a8248b8bf&fccid=c1099851e9794854&vjs=3,,,None,
57,,,https://uk.indeed.com/rc/clk?jk=163d4e625eadd31a&fccid=ba07516c418dda52&vjs=3,,,None,
58,,,https://uk.indeed.com/rc/clk?jk=18da87d015b310fc&fccid=a5b4499d9e91a5c6&vjs=3,,,None,
59,,,https://uk.indeed.com/rc/clk?jk=b5239e254055cb25&fccid=10b5c722d846df43&vjs=3,,,None,
60,,,https://uk.indeed.com/company/Riverbright-Recruitment/jobs/Graduate-Software-Engineer-ebf9f95de8c0c7eb?fccid=c3cc23e415df6bd3&vjs=3,None,,,
61,,,https://uk.indeed.com/company/mthree/jobs/Graduate-Software-Engineer-93b0b416333db346?fccid=11ace34f5e5a0ca4&vjs=3,None,,None,
62,,,https://uk.indeed.com/rc/clk?jk=5ab46e9b3d68f81b&fccid=5e964c4afc56b180&vjs=3,,,None,
63,,,https://uk.indeed.com/rc/clk?jk=5bd1d82f621f35e4&fccid=aaf3b433897ea465&vjs=3,,,None,
64,,,https://uk.indeed.com/rc/clk?jk=85a64c0bb79fa331&fccid=6423597f1cdb7b53&vjs=3,,,,
65,,,https://uk.indeed.com/rc/clk?jk=1315d1c0b263e8cb&fccid=2cdda4b7d766b1a4&vjs=3,3.7,,"£40,000 a year","Experience in delivering (or quality monitoring of a delivery) of embedded control systems (or software).
Propulsion Software Group supports Jaguar Land Rover’s…"
66,Java Software Engineer - Equity Derivatives,"JPMorgan Chase Bank, N.A.",https://uk.indeed.com/rc/clk?jk=8f679dc9d5865ec5&fccid=aaf3b433897ea465&vjs=3,3.9,London,None,They will use internal systems and platforms that leverage proprietary and open source software and tools to ensure that applications are developed in…
67,Apprentice Software Developer,ITVET,https://uk.indeed.com/company/ITVET/jobs/Apprentice-Software-Developer-f2667e1bec3bd4a1?fccid=e84efe7262886e4d&vjs=3,None,Bishop's Stortford,"£23,000 - £27,000 a year","Keep fit and healthy with a fitness allowance.
Successful candidates are subject to a basic DBS check."
68,Lead Java / Python Software Engineer - CIB Data Engineering,"JPMorgan Chase Bank, N.A.",https://uk.indeed.com/rc/clk?jk=3e13e2d12e85806c&fccid=aaf3b433897ea465&vjs=3,3.9,London,None,"Your deep knowledge of design, analytics, development, coding, testing and application programming will help your team raise their game, meeting your standards,…"
69,Software Engineer,Continental AG,https://uk.indeed.com/rc/clk?jk=cdddeb28ea23a1bc&fccid=6f8339707b2d6538&vjs=3,4.0,Burgess Hill RH15 9TT,None,"> Embedded software design and development in C++ to production delivery standards.
> Ensure the quality of the delivered software; as well as improving code…"
70,Software Engineer - Studios Quality - Xbox,Microsoft,https://uk.indeed.com/rc/clk?jk=1c1ea155180689be&fccid=734cb5a01ee60f80&vjs=3,4.2,Reading,None,"Studios Quality is the centralised quality partner for Xbox Studios, collaborating with legendary studios such as Rare, Mojang and Playground Games to define…"
71,Non Linear Rates Desk Aligned Smalltalk and Python Developer...,"JPMorgan Chase Bank, N.A.",https://uk.indeed.com/rc/clk?jk=a335d3794142e73b&fccid=aaf3b433897ea465&vjs=3,3.9,London,None,"BS/BA degree or equivalent experience.
Expertise in application, data, and infrastructure architecture disciplines."
72,Junior/Graduate Software Engineer,Yagro,https://uk.indeed.com/company/Yagro/jobs/Junior-Graduate-Software-Engineer-9ac7fd787612a1df?fccid=0ff6f126c5508553&vjs=3,None,Cambridge CB23 3AH Remote,"£19,208 - £49,268 a year","Software engineering: 1 year (preferred).
Along-side this, our current core platform will be deployed across multiple instances including international,…"
73,Java Software Engineer - Order Management Platform - Vice Pr...,"JPMorgan Chase Bank, N.A.",https://uk.indeed.com/rc/clk?jk=e580f67c4a9d4723&fccid=aaf3b433897ea465&vjs=3,3.9,London,None,"Designing software and producing scalable and resilient technical designs.
Delivery of software on time and on budget, based on original scope and requirements."
74,Software Engineer,Experian,https://uk.indeed.com/rc/clk?jk=93b8e8493eb0ddb2&fccid=75a3a5a15b202084&vjs=3,3.8,London SE1 8EZ,None,"We’re looking for someone with a strong background in software development, who is comfortable working on both the back and front end and who is passionate…"
75,Graduate Software Engineer,Imosphere Ltd,https://uk.indeed.com/company/Imosphere-Ltd/jobs/Graduate-Software-Engineer-8f5cb783ea36871a?fccid=f8b89cda9e04074e&vjs=3,None,Nottingham NG1 7AR Remote,"£26,000 a year","Gain working knowledge of the suite of Imosphere software products.
Software development tools such as source control, automated deployment and automated…"
76,Java Software Engineer,Vodafone,https://uk.indeed.com/rc/clk?jk=172c21efc0010925&fccid=374d720d3973ca1c&vjs=3,3.9,London,None,"In this role you’ll be reporting to a Software Engineering Manager who is responsible for your career development, but you'll also be part of a development…"
77,Backend Software Engineer,drivvn,https://uk.indeed.com/company/drivvn/jobs/Backend-Software-Engineer-52802ff5f3673965?fccid=bbf9b2f1b40c7666&vjs=3,None,London W1F Remote,None,"Building software in the right way by working with your fellow team members to develop production ready features continuously and, with a focus on high levels…"
78,Software Engineering,"JPMorgan Chase Bank, N.A.",https://uk.indeed.com/rc/clk?jk=730b46a047ec25c8&fccid=aaf3b433897ea465&vjs=3,3.9,London,None,"Design, develop and test software following standard SDLC.
We cover several functional domains including front-end tooling, pricing, low latency market making,…"
79,Software Engineer – CFD Solver Development,Siemens,https://uk.indeed.com/rc/clk?jk=e969f6f3918d729d&fccid=ea6bb53f0b18b8f2&vjs=3,4.0,London,None,"2 years’ experience in commercial CFD software development, or 5 years’ experience in noncommercial CFD software development."
80,Software Engineer: Summer Intern,Jane Street,https://uk.indeed.com/rc/clk?jk=a3a659c3a61945a8&fccid=0e38ef958e252f1e&vjs=3,None,London,None,"Our internships center around hands-on mentorship and a robust educational curriculum that includes challenging classes, interactive sessions, and small group…"
81,Software Graduate Engineer 2022 GR530,MBDA,https://uk.indeed.com/rc/clk?jk=37d3ef4e52757a12&fccid=d2734ffcb9518ed3&vjs=3,3.8,Stevenage,None,"You will develop the skills necessary to become a well-rounded software engineer.
We use numerous programming languages, software tools and software lifecycle…"
82,KDB Software Engineer - Vice President,"JPMorgan Chase Bank, N.A.",https://uk.indeed.com/rc/clk?jk=3cc15187a46c761c&fccid=aaf3b433897ea465&vjs=3,3.9,London,None,"As a Senior Application Development lead, you will demonstrate very strong programming skills in KDB+/Q, with experience in a similar role in any business line …"
83,Intern Software Engineer,Lilium,https://uk.indeed.com/rc/clk?jk=2627217c3d73194a&fccid=27188b133d67cdd6&vjs=3,None,London Temporarily Remote,None,"Ensuring your software achieves the desired technical, user and commercial objectives.
Our colleagues form a key part of our user group and require very best…"
84,Software Engineer (Entry Level/Junior),Raytheon Intelligence & Space,https://uk.indeed.com/rc/clk?jk=3aa0f86fdcda4b4e&fccid=03e5fef1f1c1b85d&vjs=3,None,Greater Manchester,None,"Design, build and run code using basic principles theories and concepts.
Contribute to the completion of routine technical tasks."
85,Full Stack - Software Engineering,"JPMorgan Chase Bank, N.A.",https://uk.indeed.com/rc/clk?jk=7a2f2d98c49ff060&fccid=aaf3b433897ea465&vjs=3,3.9,London,None,"Understanding of software skills such as business analysis, development, maintenance, and software improvement.
Working proficiency in developmental toolsets."
86,Software Engineer II,Standard Bank,https://uk.indeed.com/rc/clk?jk=284d717f06cff749&fccid=714e147560da822f&vjs=3,4.1,Isle of Man,None,"As well as supporting and troubleshooting technical questions, software and database issues.
To manage and oversee the FSC (Financial Service Cloud) Sales &…"
87,System Software Engineer Graduate - 2022 Start,TikTok,https://uk.indeed.com/rc/clk?jk=6ab609c5e1e73c5f&fccid=caed318a9335aac0&vjs=3,3.5,London,None,"As a Software System Engineer you will have a broad range of technical knowledge and specialise in Linux platform, and software development."
88,Apprentice - Software Developer (level 4),BT,https://uk.indeed.com/rc/clk?jk=dc12c2a99d2276f0&fccid=72713e5b1ba0ef22&vjs=3,3.7,South Yorkshire,None,"As an Applications & Development Specialist, you’ll support the successful development, implementation and maintenance of complete IT solutions such as servers…"
89,Graduate Software Developer,TPP,https://uk.indeed.com/rc/clk?jk=91d0be8d3c4c30e1&fccid=522cbf7e2e39557f&vjs=3,3.0,Leeds LS18 5PX,"£50,000 a year","Developers at TPP are involved in the full software cycle, and work closely with all teams across the company to scope out new projects and design, develop and…"
90,Software Engineer - iOS/Android,Visa,https://uk.indeed.com/rc/clk?jk=e838ef137527354a&fccid=a3f737e511d9fc8c&vjs=3,3.9,London,None,"We are looking for hands-on software engineers with a passion to build innovative products.
Self-driven and willing to work across technologies/languages as a…"
91,Software Engineer,"JPMorgan Chase Bank, N.A.",https://uk.indeed.com/rc/clk?jk=910e22600803e633&fccid=aaf3b433897ea465&vjs=3,3.9,Glasgow,None,"BS/BA degree or equivalent experience.
Expertise in application, data, and infrastructure architecture disciplines."
92,Java Software Engineer,Synapri,https://uk.indeed.com/rc/clk?jk=0acf0b7c6016cb31&fccid=447163ca34a4b3d8&vjs=3,None,Remote,"£70,000 - £90,000 a year","This organisation has taken a remote-first approach and whilst they have an office in London, they are happy for their staff to work 100% remotely."
93,Graduate Software Engineer (Immediate Start),Siemens,https://uk.indeed.com/rc/clk?jk=42cfde4c01e2359d&fccid=ea6bb53f0b18b8f2&vjs=3,4.0,Poole BH17 7ER,"£28,000 a year",Working with concept boards and documentation sharing knowledge about best practices for software architecture governance.
94,Software Development Engineer,Marks & Spencer,https://uk.indeed.com/rc/clk?jk=f5b4021caed9ec2d&fccid=9349cb4eea770eba&vjs=3,3.9,London,None,"A passion for all aspects of software engineering.
Demonstrate pragmatism in terms of commercial delivery and software quality."
95,Software Engineer,Inivos,https://uk.indeed.com/rc/clk?jk=3847a4e6bac46461&fccid=2ae85783952fd1d5&vjs=3,None,London NW1 3AD,None,"Good understanding and experience with software, firmware and programming.
Undertake graduate level design and development tasks, in the field of electronic and…"
96,Software Engineer – JavaScript | S2 | Innovation Hub,Santander,https://uk.indeed.com/rc/clk?jk=10dfd217905866f3&fccid=e57a47a3d1d90e39&vjs=3,3.9,Milton Keynes Temporarily Remote,None,"Coding with JavaScript, HTML and CSS.
Testing using various methodologies and processes (how/why we test applications).
It would also be nice for you to have."
97,Software Engineer,RBS International,https://uk.indeed.com/rc/clk?jk=2a7da5783bbd395c&fccid=509cf1641634a48c&vjs=3,4.1,Onchan,None,"You’ll be working within a feature team and using extensive experience to engineer software, scripts and tools that are often complex, as well as liaising with…"
98,Junior .NET Developer- London/Remote- up to £35k,develop.,https://uk.indeed.com/rc/clk?jk=087fa05217bc8108&fccid=18d0aa239188acab&vjs=3,None,London Remote,None,The client are looking for anyone with a strong academic background in IT/Software Development or have 1-3 years of experience in the field.
99,New Graduate Software Engineer (London),"Discovery, Inc.",https://uk.indeed.com/rc/clk?jk=e93d3a16ad37d636&fccid=0ba57902938c9384&vjs=3,None,London W4 5YB,None,This program will provide organic and structured opportunities to build effective and meaningful relationships with fellow engineers from across the globe.
100,Junior .NET Developer- London/Remote- up to £35k,develop.,https://uk.indeed.com/rc/clk?jk=087fa05217bc8108&fccid=18d0aa239188acab&vjs=3,None,London Remote,None,Our client a leader in the property management space is looking for a Junior Developer after some recent internal promotions to bolster the team.
101,New Graduate Software Engineer (London),"Discovery, Inc.",https://uk.indeed.com/rc/clk?jk=e93d3a16ad37d636&fccid=0ba57902938c9384&vjs=3,None,London W4 5YB,None,"Develop your area of expertise on the features and services you help build along with a group of talented engineers.
Why Join the Discovery Team?"
102,Software Engineer - JAVA,Direct Line Group,https://uk.indeed.com/rc/clk?jk=76ad64e797e866f7&fccid=9526cf37acc8babe&vjs=3,3.4,Bromley,None,"We welcome engineers with various levels of experience who have a willingness to learn.
Also, as part of the Engineering Chapter, you will be working with…"
103,Java Software Engineer x4 roles (Financial Services),Lloyds Banking Group,https://uk.indeed.com/rc/clk?jk=c60a7b7358ec7985&fccid=6423597f1cdb7b53&vjs=3,3.8,London,"£68,139 - £75,710 a year","As a Java Engineer, within a feature team you'll work closely with both feature team members and the wider engineering community including solution architects,…"
104,Graduate Software Engineer - 2022 intake,Ava Security,https://uk.indeed.com/rc/clk?jk=431452cb5d5f1bdc&fccid=fac77e7f0ba2c8ed&vjs=3,None,Uxbridge UB8 1JG,None,"From day one, graduate software engineers will be given the opportunity to become responsible for designing and developing a key part of the product."
105,"Front End Engineer, University Grad",Facebook App,https://uk.indeed.com/rc/clk?jk=e27e43cf4559949c&fccid=ba07516c418dda52&vjs=3,4.1,London,None,"Are you interested in building products used by billions of people?
Do you like shipping code at a rapid pace?
This position is full-time based in London."
106,Backend Software Engineer (Java),iManage,https://uk.indeed.com/rc/clk?jk=eb2a91754e064871&fccid=51a0dc5d18fb429c&vjs=3,None,London Remote,None,"Knowledge of modern software engineering practices.
At iManage RAVN, we make cutting-edge artificial intelligence software used by thousands of professionals to…"
107,Graduate Software & Data Engineering Programme,Sigma Labs XYZ,https://uk.indeed.com/company/Sigma-Labs-XYZ/jobs/Graduate-Software-Data-Engineering-Programme-9615a9d730b3c4fc?fccid=5512d3a02f85c3e1&vjs=3,None,London EC2A 4EG Remote,"£40,000 a year",We focus on technology consultants (primarily teaching software & data engineering but covering a large number of roles from software development to test…
108,"Intern - Software Engineering, McKinsey Digital",McKinsey & Company,https://uk.indeed.com/rc/clk?jk=5a4076bafcd9c6c1&fccid=6576e7250aa78c3c&vjs=3,4.3,London,None,"You will play an active part on our digital technology teams, with a focus on software creation.
You will work as part of a software delivery team that use…"
109,Software Engineer,PwC,https://uk.indeed.com/rc/clk?jk=b24dcc36f8064485&fccid=5e964c4afc56b180&vjs=3,4.0,London,None,"Experience working in software development teams.
PwC’s Indirect Tax Edge application and the Data Ignition software framework are sophisticated technical…"
110,Software Development Engineer,Amazon UK Services Ltd.,https://uk.indeed.com/rc/clk?jk=e95af9fc3c2e6ac3&fccid=fe2d21eef233e94a&vjs=3,3.5,London,None,"We are the EThOS (European TecHnical Operations Solutions) team and we are looking for a software engineer to join us on our mission to: optimize, simplify and…"
111,Javascript Software Engineer (Front End) - Unicorn,Gamesys,https://uk.indeed.com/rc/clk?jk=a79b1bdf33eae080&fccid=d44c97da17369142&vjs=3,3.1,London,None,"We are looking for an experienced, versatile, software engineer to join the team and help drive our technology stack forward."
112,React .NET Developer - 650 per day,BCT Resourcing,https://uk.indeed.com/pagead/clk?mo=r&ad=-6NYlbfkN0AuegQuxHf3iwprmb3e2M54KmKnwie0X5Zs1DuOu15t43wI--li3Gc7gHqwzPHDd4s-eMdHj0N3Hk1afeJ0vuRxWFpknMpqXA6oRSTkZOTIv6OA7-JBoyJ8H2BHommQPNs0ro8HitlHaMPqzTfgbAE4xUMJZEhZEFNHqjDkHbnmqSVcQMlfIP17iWESelx1dwFf4PTtd7KGFq998NqyZkAEgSkVrWca2VbuQsuH2RBx8mU0o2J1mcx6F7E-op4GPrY742_uw1wPJXKCerLbeeRy_6YqzXTjnglKBS4KcPkuMk5XtcwecN-x0vQ6BiQzmcJwKkWyvjmI6wH02qWxbxw4uHGipcbaVAMZ8VhBTdzYVNYbrzzZDhNMJMAFVjQd52mgPQfGogiksWO3NVOZLpzvNT5tITICzq2INpWs93ECFo36aMGJfu7tp309kHo8pMBZ7sFgWbsVkq_ui1nhLtd7mCU_X50pFzqiD2RKFYIlDREcd_hOScRUeeCyea0QTE3bSXG20bvZ2FEGG5jX2nLr1k2W4MhbMyqmjA8RhjpBHw==&p=12&fvj=1&vjs=3,None,London SE1 Remote,£500 - £650 a day,"£500 - £650 per day.
6 month Contract OUTSIDE IR35.
A leading global investments client business based in the heart of the City of London is offering an OUTSIDE…"
113,Intraday Software Engineer,Barclays,https://uk.indeed.com/rc/clk?jk=f992e5e74df143a2&fccid=057abf3fd357e717&vjs=3,3.9,London E14 Remote,None,"Ensuring that software designs are well documented and shared appropriately across the whole team.
Analysis, design, and software development across a range of…"
114,UI/React Software Engineer - Fixed Income Trading,"JPMorgan Chase Bank, N.A.",https://uk.indeed.com/rc/clk?jk=83fff2aea9c7a36d&fccid=aaf3b433897ea465&vjs=3,3.9,London,None,"Practice agile software engineering techniques.
Are passionate about quality of your software,.
Collaborating with our network of global technologists will…"
115,Software Engineer C++,Reqiva Ltd,https://uk.indeed.com/rc/clk?jk=e15f8f650dfc1163&fccid=946fa3ef2e6daa21&vjs=3,None,Newbury Remote,"£65,000 a year","Reqiva are seeking a Software Engineer C++ to join a well established and expanding company based un the Newbury area.
Assisting on other exciting projects."
116,Software Engineer – Controllers Engineering (M&P),Goldman Sachs,https://uk.indeed.com/rc/clk?jk=a1ba2241d0933021&fccid=16a97ed26c75bf2d&vjs=3,4.0,London EC4A 2BE,None,"Experience in software development, including a clear understanding of data structures, algorithms, software design and core programming concepts."
117,C++ Software Engineer - Gameplay - Criterion,Electronic Arts,https://uk.indeed.com/rc/clk?jk=331fca57e0d14e82&fccid=617d7f961cfcf54a&vjs=3,3.8,Guildford,None,"You will empower designers to iterate their ideas in software.
You will collaborate daily with other engineers and crafts to achieve amazing features."
118,Software Engineer,Direct Line Group,https://uk.indeed.com/rc/clk?jk=29b81abfea0f415e&fccid=9526cf37acc8babe&vjs=3,3.4,Bromley,None,"Also, as part of the Engineering Chapter, you will be working with Engineering Chapter Leads and other Software Engineers on adopting industry best practices in…"
119,Food Product Developer,Harrods,https://uk.indeed.com/rc/clk?jk=4fc3ec1b611a882d&fccid=a215cb2b2520e59a&vjs=3,4.1,Hammersmith,None,"The Product Developer will deliver commercial, customer focused, innovative, and high-quality product ranges to support the Food & Drink Commercial Strategy."
120,Frontend Engineer,Direct Line Group,https://uk.indeed.com/rc/clk?jk=8f2851e8fbfb6be7&fccid=9526cf37acc8babe&vjs=3,3.4,Bromley,None,"You will work in the Digital experience squads, as part of a multi-functional agile delivery team, including analysts, architects, software engineers, and…"
121,Software Developers,SmithBayes,https://uk.indeed.com/rc/clk?jk=b5857d67231df6e0&fccid=218bc7046c24f8ce&vjs=3,None,London SE1 9PG,None,"NET software developers to work on our exciting and challenging development project.
You should have a passion for software development and have some ."
122,Software Engineer - Margin Technology,Goldman Sachs,https://uk.indeed.com/rc/clk?jk=18bf022ea801b5a7&fccid=16a97ed26c75bf2d&vjs=3,4.0,London EC4A 2BE,None,"The Operations Division is the engine room that powers Goldman Sachs, and Operations Technology is driving their industrialization through automation,…"
123,Software Engineering - Python/Quartz,Bank of America,https://uk.indeed.com/rc/clk?jk=cada1ba29ce296c6&fccid=5bd99dfa21c8a490&vjs=3,3.8,Bromley,None,A software engineer to join a team of technologists working in the regulatory reporting program supporting Markets and Banking.
124,Graduate Software Engineer (Immediate Start),Yunex Limited,https://uk.indeed.com/rc/clk?jk=640fffe948ba3b6a&fccid=ea6bb53f0b18b8f2&vjs=3,4.0,Poole,"£28,000 a year","Analyse software project structure, delivering a baseline vs target architecture of the project: What technologies we rely on, how do we deliver software…"
125,Front Office Java Software Engineer - Non Linear Rates Deriv...,"JPMorgan Chase Bank, N.A.",https://uk.indeed.com/rc/clk?jk=1ffa346f9aebbfd7&fccid=aaf3b433897ea465&vjs=3,3.9,London,None,"Close partnership with the software development team globally.
The global QTrade Rates team have a strong and successful history of managing and nurturing…"
126,Software Application Engineer Intern,Workday,https://uk.indeed.com/rc/clk?jk=7eef0706482cf911&fccid=9ac45d217f8342a1&vjs=3,4.0,Reading,None,"Work with senior engineers to design and implement new features within our technology stack.
At Workday, we help the world’s largest organizations adapt to what…"
127,Software Engineer (Settlement) - 6 Months FTC,Live Nation,https://uk.indeed.com/rc/clk?jk=34be1dd68c3470ed&fccid=f2d0ffe36bb2f0f4&vjs=3,4.1,London N1,None,"Maintain software standards and provide guidance to your team on appropriate software standards.
Support the current business software applications."
128,"Internship Software Engineer, Defence - 2022 Start",Improbable,https://uk.indeed.com/rc/clk?jk=406dc1d0c4466559&fccid=38e699803803146d&vjs=3,None,London,None,"Extra-curricular activity and/or internships in a software environment.
Appreciation for productive software engineering including Testing, Tooling, IDE mastery…"
129,Blockchain Software Engineer - CIB Markets,"JPMorgan Chase Bank, N.A.",https://uk.indeed.com/rc/clk?jk=47b8a158ed0b1b59&fccid=aaf3b433897ea465&vjs=3,3.9,London,None,"Proven track record of delivering software development projects.
Familiarity with using Git or other version control software for source code management."
130,Full Stack Software Engineering - API,"JPMorgan Chase Bank, N.A.",https://uk.indeed.com/rc/clk?jk=f0d387aaa1a6fcc2&fccid=aaf3b433897ea465&vjs=3,3.9,London,None,"Understanding of software skills such as business analysis, development, maintenance and software improvement.
BS/BA degree or equivalent experience."
131,C# Full Stack Software Engineer,Société Générale,https://uk.indeed.com/rc/clk?jk=8b20494e75c65d90&fccid=df6948c9b8da6236&vjs=3,3.9,London,None,"2+ years as a software engineer.
Description of the Business Line or Department.
Front Office Developer supporting the Credit Fixed Income Business."
132,Software Engineer,Guardian News & Media,https://uk.indeed.com/company/Guardian-News-&-Media/jobs/Software-Engineer-5c92c59fe445715c?fccid=db4a5cd5f8e4ab03&vjs=3,None,London N1,"£49,600 a year","As a full stack engineer, you’ll be equally willing to dive into a purely functional and composable Scala back-end, or a complex JavaScript front-end (using…"
133,System Software Engineer Summer Intern - 2022 Start,TikTok,https://uk.indeed.com/rc/clk?jk=46b344904fa8d87b&fccid=caed318a9335aac0&vjs=3,3.5,London,None,"As a Software System Engineer, you will have a broad range of technical knowledge and specialise in Linux platforms and software development."
134,IT Support Engineer - Hardware / Software / Frankfurt (m/f/d...,Workwise GmbH,https://uk.indeed.com/pagead/clk?mo=r&ad=-6NYlbfkN0CgYCB7fZPHXlObFc86CfBGJRgAH99GtvejjEFhbUgEpBwi1vRqEb9HkdISTBlg42kucgSXWC7dMaRYnF9_WlIfqFRWLc7Hbt1qyFVrQVxhqv2i_aAmADHyyvRCQla4C6TFywnodgok1ybSy895xJzVuyqDI_uB--eYpNXvyN9NHBoCovU-5_K8yH_mVKuZyQ5QJc30NcrQ89Vq2ADtQiiGSqUGLEFFpX_oeSi4gpJh588B2VCBjDj_KTnmOnUjH1rNA461JdSnG_zgO7AOA28_t0K60QA7sAvmhGxZ2mf2jFxPvEANbt9wOsYBln-Smzfg-WbjzH2rcww9JQCbD__bPtGCrNApyCtAN1sTT4vQtPy0QkluJ7avw8Y_XyoknLvrrTIr8Aep9rJTNScod4CY3jiQ-ULEGXe-CZ1r6eczKY00644tlJtjBLQxBcClcKHutgyWRAX_4Yt9nY4jKhXiHPekh5X2LkS4J82GJJF_fCoRO0TJ46pOE8nCC81GVBc=&p=34&fvj=0&vjs=3,None,London SW1A 2DX,None,"As a member of the IT Support team, our responsibility is for diagnosing, troubleshooting, and solving a variety of hardware/software problems to maintain and…"
135,Shazam – Graduate Software Engineering Placement,Apple,https://uk.indeed.com/rc/clk?jk=bb2fd1e0b1db211b&fccid=c1099851e9794854&vjs=3,4.2,London,None,"Helping develop features on specific projects, mentored by an expert software engineer.
Comfortable working in a fast-paced technical environment and can handle…"
136,Software Development Roles,TheNBS.com,https://uk.indeed.com/company/TheNBS.com/jobs/Software-Development-Role-d0de7771b870126f?fccid=9d842a8ecc5bacb1&vjs=3,None,Remote,None,"We can put you in touch with our software team to arrange a chat.
We have some fantastic opportunities to join our Software Team as we continue to grow as a…"
137,Senior Software Engineer,University of Oxford,https://uk.indeed.com/rc/clk?jk=d28a5b0b6eb35c80&fccid=3e8af96829591e84&vjs=3,4.2,Oxford OX3,"£54,943 a year","The Infectious Diseases Data Observatory (IDDO) Informatics team at the Centre for Tropical Medicine and Global Health, is looking for a Senior Software…"
138,Software Developer (Engineer) 2022 Programme,CGG,https://uk.indeed.com/rc/clk?jk=8f190f47bab318e3&fccid=2fe5bdb74ccda2ee&vjs=3,3.8,Crawley,None,You will collaborate with various teams alongside engineers and research data scientists to develop systems that work in real production environment.
139,Software Engineer,Sky,https://uk.indeed.com/rc/clk?jk=c7db735c9887258f&fccid=288ce4c9ce99f179&vjs=3,3.5,Isleworth,None,"Want to do the best work of your life?
With 24 million customers in 6 countries, make your mark at Europe’s leading media and entertainment brand."
140,Full Stack Software Engineer,Rothamsted Research,https://uk.indeed.com/company/Rothamsted-Research/jobs/Full-Stack-Software-Engineer-9c21e69d62980701?fccid=94d29855da65a437&vjs=3,4.2,Harpenden AL5 Temporarily Remote,"£37,890 - £41,438 a year",KnetMiner (https://knetminer.com) is an innovative knowledge platform that uses Linked Data and Knowledge Graph technologies to help scientists see through…
141,Software Engineer,Axa,https://uk.indeed.com/rc/clk?jk=72e9330db95a2632&fccid=753062d67d31c43a&vjs=3,3.9,Teesside,"£45,000 a year","Evaluate the potential automation of software and system solutions to ensure eradication of toil wherever possible.
What you’ll be doing:"
142,Strategic Execution Software Engineer VP,"JPMorgan Chase Bank, N.A.",https://uk.indeed.com/rc/clk?jk=05a9ef5096d34321&fccid=aaf3b433897ea465&vjs=3,3.9,London,None,"CIB Technology Strategic Execution - VP.
The Corporate & Investment Bank is a global leader across investment banking, wholesale payments, markets and…"
143,Platform Software Engineer - 95% Remote,JJH Talent Recruitment Ltd,https://uk.indeed.com/company/JJH-Talent-Recruitment-Ltd/jobs/Platform-Software-Engineer-a0b4649011f0d4e6?fccid=48b4896d85fcd291&vjs=3,None,London Remote,"£50,000 - £85,000 a year","* You’ll be working alongside a team of highly talented engineers whom promote a supportive and open development environment.
Top 5 reasons to join us *."
144,Principal Software Engineer,Microsoft,https://uk.indeed.com/rc/clk?jk=ff74df9e85983017&fccid=734cb5a01ee60f80&vjs=3,4.2,Reading,None,"Our division is responsible for a large diversity of technologies and challenges, including software defined networking, software load balancing, physical…"
145,Backend Software Engineer,develop.,https://uk.indeed.com/rc/clk?jk=a02a54d97ed852d1&fccid=18d0aa239188acab&vjs=3,None,London,"£45,000 - £80,000 a year","You will help them build software that will allow our customers to create contracts from a library of templates, and quickly review and edit contracts sent to…"
146,iOS Software Engineer,Facebook App,https://uk.indeed.com/rc/clk?jk=592f3686e4528366&fccid=ba07516c418dda52&vjs=3,4.1,Remote,None,"Build reusable iOS software components for interfacing with our back-end platforms.
Every month, billions of people access Facebook products using mobile…"
147,Software Engineer - Futures Technology,Goldman Sachs,https://uk.indeed.com/rc/clk?jk=271faffce204f325&fccid=16a97ed26c75bf2d&vjs=3,4.0,London EC4A 2BE,None,"Our software provides a robust distributed platform that handles millions of real-time events every day.
Ideal candidate will have strong programming skills…"
148,Junior Software Engineer Intern,Sports Interactive,https://uk.indeed.com/rc/clk?jk=bf1e037ed48f9d6c&fccid=a117bec4a0d6ce42&vjs=3,4.3,London Remote,None,"Experience with using version control software.
Work with Senior developers and gain in-depth knowledge of software and games development best practices."
149,Software Engineer (D-Cubed Components) - Summer Internship,Siemens,https://uk.indeed.com/rc/clk?jk=f0345f603b3bd8ff&fccid=ea6bb53f0b18b8f2&vjs=3,4.0,Cambridge CB2 1PH,None,"Learning the software development lifecycle process.
We are looking for a Software Engineer summer intern to work alongside a talented team of problem solvers…"
150,Software Engineering Intern (Engine) - Microsoft Studios - R...,Microsoft,https://uk.indeed.com/rc/clk?jk=6f8524ac7ccd863f&fccid=734cb5a01ee60f80&vjs=3,4.2,Twycross,None,"Research and develop software systems to support the development of our products in conjunction with other Engineers.
Contribution to an open-source community."
151,"Software Application Engineer, New University Graduate",Workday,https://uk.indeed.com/rc/clk?jk=3cd2e1c3017e0056&fccid=9ac45d217f8342a1&vjs=3,4.0,Reading,None,"Enjoy collaborating and learning across product management, quality assurance engineers, and automation engineers."
152,Software Engineer,Freetrade,https://uk.indeed.com/rc/clk?jk=f37b967d8eb23f5a&fccid=31ff98461d6ffa3d&vjs=3,None,London,"£65,000 - £95,000 a year","Capable of working independently whilst collaborating with senior engineers when faced with new challenges.
Our customer numbers are 850,000 and counting, and…"
153,Junior Software Engineer,Collinson,https://uk.indeed.com/rc/clk?jk=68bbd99fe3adaf12&fccid=e95250d354b6a1c7&vjs=3,3.4,London EC3A 7BU,None,"Help the team to champion software quality and engender technical vision and ensuring clients are satisfied.
Facilitate problem solving and work with a team to…"
154,Senior Software Engineer - Python - Commodities Technology,"JPMorgan Chase Bank, N.A.",https://uk.indeed.com/rc/clk?jk=7b01d2db22c1533a&fccid=aaf3b433897ea465&vjs=3,3.9,London,None,"Solid understanding of software engineering practices.
The position also involves managing the details of one's and other's book of work, technical design,…"
155,Python Software Engineer,"JPMorgan Chase Bank, N.A.",https://uk.indeed.com/rc/clk?jk=00dc9166315a76cc&fccid=aaf3b433897ea465&vjs=3,3.9,Glasgow,None,"Understanding of software skills such as business analysis, development, maintenance, and software improvement.
Working proficiency in developmental toolsets."
156,"Junior Software Developer, PHP, HTML, CSS",Corriculo,https://uk.indeed.com/pagead/clk?mo=r&ad=-6NYlbfkN0B7rKJkvkRZrQtOvsob64W6XZwJwuM01aqiMgQ7uTfhgDlxEheAqSflmnPdC7HBcbJSUr82Wl4wQSDhdVwvId2mT9CQxZBpxhppgFF4kXXgvNWm81FqhY9zb_8BI27oyyRGhhRznlE-0YkK9Ln8u76h5OV91Y1PzNfy5owUjI0s7eYGhannBDHQACUynS6PROgdegq7pAkKWpuQuZY5aZAxyhaN-QOe5fIMocbOF4oz1bf4tnX7b7DGkaaRfzUQ2y7nSblGkjhwE2EkJOGFG17udmUqOtSQFBqf3b2JUlBlyKO67RAMhkrJT4SD6SXjKFDhselEhIEvq1yl06Qi0v3jfA2Tp0d7vk9UFk74KRiFuR2eNe2hrp22J-wpukE-yJbI9KuCI79o9fbWS5v2vcr36gxXoBOLz39C1BJpXPzvL2ZXbbw96_njqzcZ5_ld6QJkooOc73Excddv3IjrD9fn&p=6&fvj=0&vjs=3,None,Milton Keynes,"£20,000 - £30,000 a year","I’m looking for a Junior Software Developer to join a scientific research company based in Oxford.
The role will encompass Greenfield development, as well as…"
157,Software Engineer - Computer Vision,Bolt6,https://uk.indeed.com/company/Bolt6/jobs/Software-Engineer-2946051a2a5b4c7d?fccid=ecc8291c658ab8ec&vjs=3,None,London Remote,"£35,000 - £75,000 a year","Attend global software developer/computer vision/machine learning conferences.
We're looking for a driven and proactive individuals, who have a keen interest in…"
158,Software Development Engineer in Test,Tagshaw Consulting Limited,https://uk.indeed.com/company/Tagshaw-Consulting-Limited/jobs/Software-Development-Engineer-Test-39f84d73364a72e0?fccid=8f0b0006f4cdd2d7&vjs=3,None,Maidenhead Temporarily Remote,"£55,000 - £60,000 a year","Monitor software to detect and root cause code errors.
Nurture/train software QAs in programming and automation tools.
Job Types: Full-time, Permanent."
159,"Technical Lead Software Engineer, Google Health For Clinicia...",Google,https://uk.indeed.com/rc/clk?jk=60c8f7c5fa9afc1c&fccid=a5b4499d9e91a5c6&vjs=3,4.3,London,None,You will be a technical lead for our small (10-15 engineers) but experienced team developing the infrastructure designed to organize and bring meaning to…
160,Full Stack Software/DevOps Engineer,"JPMorgan Chase Bank, N.A.",https://uk.indeed.com/rc/clk?jk=d8c52399e01644b9&fccid=aaf3b433897ea465&vjs=3,3.9,London,None,"Deploys the software and product upgrades.
Engages with development team throughout the life cycle to help develop software for reliability."
161,Software Engineer (Web),X2X,https://uk.indeed.com/rc/clk?jk=04f332bcc856d408&fccid=102283acc2705097&vjs=3,None,Remote,None,X2X is an entertainment technology company that partners with clients to enable creative flow across the production life cycle with a trusted suite of secure…
162,Software Engineer,Lloyds Banking Group,https://uk.indeed.com/rc/clk?jk=7e92dead0fed28a0&fccid=6423597f1cdb7b53&vjs=3,3.8,Edinburgh,"£39,717 - £44,130 a year","Delivering software in containerised (Docker and Kubernetes) micro-services.
The successful candidate will work with colleagues as part of a multi-disciplinary,…"
163,Software Engineer (.NET/ C#),Moneybox,https://uk.indeed.com/rc/clk?jk=e5ab74edb750b124&fccid=fae563c40212ccaf&vjs=3,5.0,London,None,"Owning technical solution design for significant product features, software modules, and technical initiatives.
Sql Server, CosmosDb, Azure Service Bus."
164,Software Engineer,Visa,https://uk.indeed.com/rc/clk?jk=bf4d6715996d1320&fccid=a3f737e511d9fc8c&vjs=3,3.9,London,None,"Candidate will assist with troubleshooting and resolving defects during the software development life cycle.
Develop, document and implement new functionality,…"
165,Junior Software Engineer,Motorola Solutions,https://uk.indeed.com/rc/clk?jk=0b7f77f0750c9ae8&fccid=22ec6ef3cc441ac2&vjs=3,4.1,Glasgow,None,And in everyday moments — when a package arrives just in time for the holiday or when a child doesn’t miss the school bus home.
166,"Software Engineer, C++, Linux, MySQL, Fully Remote",Corriculo,https://uk.indeed.com/pagead/clk?mo=r&ad=-6NYlbfkN0B7rKJkvkRZrQtOvsob64W6XZwJwuM01aqiMgQ7uTfhgDlxEheAqSflmnPdC7HBcbLhL5uN85HyUMqm3Tn3UD6s21i5QO94iUtIViaCNT_dZKZwyc2jbOMEcpPi8B-FKi0J_PRqTa4d-ZKqxyRWckI8hvoaELZFuDhWgjENEbOmsZL1XyaEe1YkYwXWccIo8IBb-qoYPQRFUD0MZhkq6GVt2213cc2HkcVGbUyXeazOCqAz2UP0T2eMn6nFidTms3deq6F1gmqPbSKAW8EtpRUL5kwJqE9PeMNp-HguKOyjXsD0S0GRikY9GY3T2icUNoqXY7shL7otONmQC5btw-JSaZi0ja0V7uRRW_w9qeKJr4VCBVKuuJ2ssX5Ez7bpNo2Al43scDvDcHY3GXmAGGb7zMfJgNikUNZJ6HZDRKDfXK7S8f_iEnYGucpw7cG5v5K8GaFeLMt3Q4nYHJmJTGQa&p=16&fvj=0&vjs=3,None,Reading Remote,"£45,000 - £55,000 a year","Working directly with the original founders of the company, the C++ Software Engineer will be designing, developing, testing and deploying new software aligned…"
167,Software Engineer,ONYX Insight,https://uk.indeed.com/rc/clk?jk=e30a4b07964a6830&fccid=5354f59a44b5acf2&vjs=3,None,Nottingham,None,"You'll have analytical & problem-solving skills as well as a strong understanding of the process methodologies that drive scalable, agile software development…"
168,Software Engineering Internship (6m & 12m) - 2022,THG,https://uk.indeed.com/rc/clk?jk=ebb308370c2c282c&fccid=64c76e512365bea7&vjs=3,3.6,Manchester,None,"Currently achieving minimum 2:1 degree in either Computer Science, Software Engineering, Computing or similar courses."
169,Software Engineer - Executive Director,"JPMorgan Chase Bank, N.A.",https://uk.indeed.com/rc/clk?jk=13f7f529d48bfa07&fccid=aaf3b433897ea465&vjs=3,3.9,London,None,"Deep experience in professional software engineering best practices.
10 Years software development experience (ideally Java based)."
170,Software Engineer,PeopleNet,https://uk.indeed.com/rc/clk?jk=819d0f920d465a76&fccid=b75610d06f16a4e3&vjs=3,None,Remote,None,"Providing direction on future-looking technical, architectural and software design.
While working from the comfort of their own homes, our remote employees are…"
171,"Senior Software Engineer, Cyber Security",Visa,https://uk.indeed.com/rc/clk?jk=5580ecfd444196c6&fccid=a3f737e511d9fc8c&vjs=3,3.9,London,None,You’ve got plenty of experience in IAM and any hand on experience in tools such as Sailpoint thereby able to demonstrate a high level of technical ability in…
172,Junior Software Engineer (JoinOCI-SDE),Oracle,https://uk.indeed.com/rc/clk?jk=b5a569259006d1de&fccid=cd22d01053af7669&vjs=3,3.8,Bristol,None,"As a member of the software engineering division, you will apply basic to intermediate knowledge of software architecture to perform software development tasks…"
173,Software Engineer,CGI,https://uk.indeed.com/rc/clk?jk=9c67d3dd4619ea2d&fccid=43a69183767d4301&vjs=3,3.6,Bristol,None,"Individuals can be based out of our London, Surrey, Reading, Bristol, Corsham, Gloucester or Chippenham offices and can expect a mix of on site / hybrid working…"
174,Associate Software Engineer - London,Asos.com,https://uk.indeed.com/rc/clk?jk=5df2b250810d34c6&fccid=d4f2a7e16823360d&vjs=3,2.9,London,None,"Take a test first approach from business requirements through to code.
You will/Continually develop and improve our code and technology, whilst playing an…"
175,RE-5068; Junior Software Developers,B2E Consulting Ltd,https://uk.indeed.com/rc/clk?jk=fa6e9219b283624a&fccid=0601d889bdcf2c37&vjs=3,None,London Remote,None,"Our client, a start up in Cell and Gene Manufacturing software systems, is looking for developers with:
This role is to further develop the software, which is…"
176,Apple Pay - Software Development Engineer Test,Apple,https://uk.indeed.com/rc/clk?jk=8f446b8c468d1b47&fccid=c1099851e9794854&vjs=3,4.2,London,None,The group is looking for an extraordinary software development engineer in quality with strong experience in building client and server test automation.
177,Software Engineer,NatWest Group,https://uk.indeed.com/rc/clk?jk=e4b2187ebe034abb&fccid=4a3a2b1eb3ec0691&vjs=3,3.2,Manchester,None,"You’ll need a background in software engineering, software design or database design and architecture, as well as experience of developing software in a SOA or…"
178,Associate Software Engineer,News UK,https://uk.indeed.com/rc/clk?jk=32a6271e12bf4e12&fccid=8ed9c29d0fd75ef3&vjs=3,4.1,London,None,"You’re an engineer with a passion for learning and self development.
You’ll work closely with other engineers and a Principal, who will all be there to help,…"
179,Mainframe Software Engineer,NatWest Group,https://uk.indeed.com/rc/clk?jk=c8ed75baa0ea79bd&fccid=4a3a2b1eb3ec0691&vjs=3,3.2,London,None,"You’ll be working within a feature team and using extensive experience to engineer software, scripts and tools that are often complex, as well as liaising with…"
180,Associate Software Engineer - IoT Linux OS Developer,Red Hat Software,https://uk.indeed.com/rc/clk?jk=50b5d01f35c9cd45&fccid=e24a60f01d1882d1&vjs=3,4.0,London EC3R Remote,None,"Understanding of how open source and free software communities work.
You’ll coordinate work with other engineers, architects, product managers, scrum masters,…"
181,Software Engineer,Tech Returners,https://uk.indeed.com/company/Tech-Returners/jobs/Software-Engineer-9de80107c30b64b5?fccid=5db9b8b61558c34c&vjs=3,None,Milton Keynes+17 locations Remote,"£49,000 - £65,000 a year","Have previous experience of being a software developer/engineer* (hands-on coding).
Tech Returners is partnering with *The Guardian* to recruit 16 software…"
182,"Software Engineer - Data, Cloud, AI/ML","JPMorgan Chase Bank, N.A.",https://uk.indeed.com/rc/clk?jk=0adb82b6a89b43fa&fccid=aaf3b433897ea465&vjs=3,3.9,London,None,"Collaborating with Devops engineers to plan and deploy data storage and processing systems, especially for text, timeseries or financial data."
183,Junior Software Engineer,Enable,https://uk.indeed.com/company/Enable/jobs/Junior-Software-Engineer-227b3513dec2c145?fccid=10d6c6a1cac7435b&vjs=3,None,Stratford-upon-Avon CV37 9NP,"£35,000 a year","As part of the Engineering team, you will be immersed in the full product engineering process, using modern software technologies, and contributing to the…"
184,"Software Engineer (C++, all-rounder)",Sports Interactive,https://uk.indeed.com/rc/clk?jk=cd74d65835fe3c4b&fccid=a117bec4a0d6ce42&vjs=3,4.3,London Remote,None,"Working closely with the Creative Director, Producer and Artists, the Mobile project allows you to express your game design talents as well as to engage your…"
185,Software Engineer,BBC,https://uk.indeed.com/rc/clk?jk=6981f8d96c13716b&fccid=40bdb3ff12c06472&vjs=3,4.2,London,None,Design and development of effective software that meets strategic business needs for your immediate team and broader BBC.
186,"Software Engineer, Computer Vision",Mark Roberts Motion Control Ltd.,https://uk.indeed.com/company/Mark-Roberts-Motion-Control-Ltd./jobs/Software-Engineer-82756de93409024d?fccid=836443f6605f960a&vjs=3,None,Blindley Heath RH7 6JP Remote,"£25,000 - £45,000 a year","Recommend software improvements to ensure strong functionality and optimization.
Our products involve the control of motors, interfaces for controlling motion…"
187,Software Development Internship,Cambridge Intelligence,https://uk.indeed.com/company/Cambridge-Intelligence/jobs/Software-Development-Internship-86962ee495175693?fccid=127211ff96aa565a&vjs=3,None,Cambridgeshire Remote,None,"You’ll get to design and code features for our data-visualization toolkit, and become involved in all aspects of software development including: proof of…"
188,Junior Software Engineer,BAE Systems Applied Intelligence,https://uk.indeed.com/rc/clk?jk=35303b8f99df59c3&fccid=33e11e8479be6683&vjs=3,3.6,Guildford,None,"The NetReveal Social Network Analytics (SNA) engineering team within BAE AI is looking for someone to be responsible for the development, quality assurance,…"
189,Software Engineering- Java,"JPMorgan Chase Bank, N.A.",https://uk.indeed.com/rc/clk?jk=9a239f401f3e94ba&fccid=aaf3b433897ea465&vjs=3,3.9,Bournemouth,None,"Understanding of software skills such as business analysis, development, maintenance, and software improvement.
BS/BA degree or equivalent experience."
190,Software Engineer (Chrome OS),Impero Software Ltd,https://uk.indeed.com/company/Impero-Software-Ltd/jobs/Software-Engineer-eb171958bd04f720?fccid=295ca4fc8b1cfd85&vjs=3,None,London Remote,"From £35,000 a year",The successful candidate will take responsibility for working as a software engineer within an agile team to develop the company’s Chrome OS device client…
191,Remote Software Engineer (Europe),WorkSpan,https://uk.indeed.com/rc/clk?jk=e21d47ea95b8181d&fccid=bd6ca2bb5cbeacea&vjs=3,None,East of England Remote,None,"Deliver clean and performant AngularJS/Angular components.
Write tested, idiomatic, and documented JavaScript.
Synchronize with our backend and HTML / CSS team."
192,Embedded Software Engineer,Chevalier Tech,https://uk.indeed.com/company/Chevalier-Tech/jobs/Embedded-Software-Engineer-36c4fcad977d5d74?fccid=0c7cb8eb555d02a8&vjs=3,3.0,Acton,"£35,000 - £68,000 a year","§ Supporting software QA and optimizing performance.
Embedded software: 3 years (preferred).
§ Experience in the use of software configuration management tools,…"
193,Frontend Engineer,PredictX,https://uk.indeed.com/rc/clk?jk=4109146c71406dbb&fccid=f1e12980a3c8d2f4&vjs=3,None,London,None,"Helping design, build, maintain Frontend solutions.
Ensuring that solid development practices, such as proper use of source control, full testing processes and…"
194,Numerical Software Engineer,Siemens,https://uk.indeed.com/rc/clk?jk=141653f6e3bcedcf&fccid=ea6bb53f0b18b8f2&vjs=3,4.0,Cambridge CB2 1PH,None,"Our software engineers work in small teams of 5-6 and interact closely to provide the best solutions for our customers.
Advanced geometry and 3D visualization."
195,Senior Software Engineer,WeGift,https://uk.indeed.com/company/WeGift/jobs/Senior-Software-Engineer-5656a2d18e73cad9?fccid=189900460d1d38f9&vjs=3,None,London,"£60,000 - £75,000 a year",Experience contributing towards the design and architecture of scalable systems and developing API heavy software solutions.
196,Graduate Software Engineer,MRI Software,https://uk.indeed.com/rc/clk?jk=5827c329787ba6f6&fccid=4974627ac3bc5640&vjs=3,None,London EC2V 8EA,None,"Debugs and troubleshoots software to resolve defects.
BA/BS Degree in Computer Science, Software Engineering or related software engineering experience."
197,Senior JAVA Software Engineer - Equity Derivatives - Vice Pr...,"JPMorgan Chase Bank, N.A.",https://uk.indeed.com/rc/clk?jk=890cd9f92408dc55&fccid=aaf3b433897ea465&vjs=3,3.9,London,None,"Close collaboration with a number of teams including Trading, Quantitative Research, as well as other technology teams for building new capability into the…"
198,Software Developer,develop.,https://uk.indeed.com/rc/clk?jk=45e875e057890011&fccid=18d0aa239188acab&vjs=3,None,London Remote,"£45,000 a year","Minimum of 2 years of commercial experience in programming on Oracle databases with PL/SQL and SQL.
Java experience and an aptitude for complex O."
199,Software Engineer - Salesforce,Direct Line Group,https://uk.indeed.com/rc/clk?jk=52185a2f4e4424e1&fccid=9526cf37acc8babe&vjs=3,3.4,Bromley,None,"We welcome engineers with various levels of experience who have a willingness to learn.
This role is responsible for maintaining and enhancing DLG applications…"
200,JUNIOR FRONTEND DEVELOPER,Creative Netizen,https://uk.indeed.com/rc/clk?jk=50f92caf0ec40b99&fccid=dd616958bd9ddc12&vjs=3,None,London,None,"Our frontend is mostly ReactJS, but if you’ve been using another Javascript library, that’s cool too.
Working alongside our largest customers solving their most…"
201,Junior / Graduate Software Engineer,TÜV SÜD,https://uk.indeed.com/rc/clk?jk=af2769a3fbadedb6&fccid=0591c2eb2748b58b&vjs=3,3.7,Fareham,None,"Take legacy software solutions and converting them to C#.
Writing C# software to help improve efficiencies across the business."
202,Backend engineer,Gett,https://uk.indeed.com/rc/clk?jk=bf4a7e0211229ae5&fccid=7be1541422e26721&vjs=3,3.6,London,None,"Full SDLC of new applications, starting with technical design together with architects and ending with deployment to production together with devops team."
203,Full Stack Software Engineer,10to8 Ltd.,https://uk.indeed.com/rc/clk?jk=3eb7a54a2a76bf05&fccid=3596a4a7a813626a&vjs=3,5.0,Remote,None,"4+ years of software experience.
We are looking for full-stack software engineers with experience in either Javascript or Python, to build new features for our…"
204,Software Engineer,Ancoris,https://uk.indeed.com/rc/clk?jk=e4db31a44c90cefb&fccid=0a92c4cb94a65103&vjs=3,3.3,London,None,"Supporting our software products in life by way of responding to issues raised on production systems as required.
Experience with non relational databases."
205,Robotics Software Engineer,Vaarst,https://uk.indeed.com/rc/clk?jk=efe60815fda87356&fccid=76fc6fd2eeb8bb8a&vjs=3,None,Bristol BS1 3AE,"£65,000 a year","This will be a hands-on role providing opportunity to trial and evaluate on advanced robotic vehicles.
Work with cutting edge tech supporting the design,…"
206,Software Engineer – Front End,Limejump,https://uk.indeed.com/company/Limejump/jobs/Software-Engineer-Front-End-3bf7c019ea971efe?fccid=4379e8f7e062369d&vjs=3,None,London SW9 6DE Temporarily Remote,"From £50,000 a year",Our ideal candidate will have a proven track record of creating and maintaining complex web apps and delivering high-quality software in a fast-paced…
207,Android Software Engineer,Head Office,https://uk.indeed.com/rc/clk?jk=6a6eef92a1302dba&fccid=3f50ec1bffc7b1d8&vjs=3,None,London SW1E 5NN,None,This is an opportunity to work as a software engineer specialising in Android development on a cross-functional Agile development team.
208,Junior Back End Engineer,Purplebricks,https://uk.indeed.com/rc/clk?jk=87c4fd17929a4803&fccid=fded7258cf67f7ad&vjs=3,4.0,Remote,"£22,000 - £36,000 a year","You will be part of a Product or Techincal squad, where the squad is responsible for building, delivering and maintaining fantastic software."
209,C++ Software Engineer - Electronic Trading Technology - Vice...,"JPMorgan Chase Bank, N.A.",https://uk.indeed.com/rc/clk?jk=b458e9291777b6ba&fccid=aaf3b433897ea465&vjs=3,3.9,London,None,"In this role, you will the design, develop, test and productize the functional requirements for Market Access and Risk Management systems."
210,Senior Java Software Engineer,Head Office,https://uk.indeed.com/rc/clk?jk=c794aa29a5543199&fccid=3f50ec1bffc7b1d8&vjs=3,None,Bracknell RG12 8YA,None,You will also use your knowledge of software engineering to support the shaping of new projects and support the professional development of less experienced…
211,Staff Software Engineer,Optimizely,https://uk.indeed.com/rc/clk?jk=0c299f9f59c396d6&fccid=4527a4c9ab062616&vjs=3,None,London SE1 9PG,None,"Our users include both paying customers, partner developers and other engineers within the company building data products."
212,Senior Software Engineer,Vodafone,https://uk.indeed.com/rc/clk?jk=b47d347bb5a8105d&fccid=374d720d3973ca1c&vjs=3,3.9,London,None,"Hands on development of micro-services as part of a development squad using Scrum/Kanban.
Driving the quality and performance of owned micro-services, through…"
213,Software Engineer (Interoperability Protocols) - Summer Inte...,Siemens,https://uk.indeed.com/rc/clk?jk=5f7d6b66930c5d08&fccid=ea6bb53f0b18b8f2&vjs=3,4.0,Cambridge CB2 1PH,None,"Currently working towards a Bachelors or Masters in Computer Science, Engineering or another subject with strong computer science content."
214,Software Engineer (Synchronous Technology) - 1 Year Internsh...,Siemens,https://uk.indeed.com/rc/clk?jk=5509c3d76cd9269a&fccid=ea6bb53f0b18b8f2&vjs=3,4.0,Cambridge CB2 1PH,None,"There will be opportunity to learn and contribute in a variety of areas of the software development process, with emphasis on a number of achievable projects to…"
215,Placement Software Engineer - Summer 2022 Intake,Kainos,https://uk.indeed.com/rc/clk?jk=873d464142349542&fccid=538421af10c1dd1a&vjs=3,3.9,Birmingham,None,"Some understanding of the software development lifecycle from your studies or.
After taking part in our award-winning, seven-week Engineering Academy, you will…"
216,Software Development Engineer - Alexa Shopping,Amazon Dev Centre (London) Ltd,https://uk.indeed.com/rc/clk?jk=a1f297c011cfd6d6&fccid=fe2d21eef233e94a&vjs=3,3.5,London,None,"Non-internship professional software development experience.
The Alexa Shopping group is seeking talented and experienced engineers to design and develop…"
217,Software Engineer,causaLens,https://uk.indeed.com/rc/clk?jk=4ddb7fab4303dadf&fccid=8cd7a49755337607&vjs=3,None,London W6,None,"Strong knowledge of the software development life cycle (version control, tooling, testing, etc.).
This is a full-time placement with significant opportunities…"
218,Software Engineer - Innovation Development,Visa,https://uk.indeed.com/rc/clk?jk=e5a24b729da638b6&fccid=a3f737e511d9fc8c&vjs=3,3.9,London,None,"We are looking for hands-on expert level software engineers to help us build some innovative products.
We work on solving hard problems of the future in IoT,…"
219,"Graduate Software Engineer, Defence - 2022 Start",Improbable,https://uk.indeed.com/rc/clk?jk=231ee2e9e7f28b3f&fccid=38e699803803146d&vjs=3,None,London,None,"Extra-curricular activity and/or internships in a software environment.
Appreciation for productive software engineering including Testing, Tooling, IDE mastery…"
220,"Software Engineer (Model Engineering), Defence",Improbable,https://uk.indeed.com/rc/clk?jk=36cf91daed909189&fccid=38e699803803146d&vjs=3,None,London,None,You are an experienced software engineer with fluency in at least one relevant OO or functional programming language and the openness to learn and adapt to a…
221,Level 4 Software Engineering Apprenticeship,Disney Media & Entertainment Distribution,https://uk.indeed.com/rc/clk?jk=15615cdbff18871a&fccid=c3092a91bcb42ca9&vjs=3,None,London,None,Creation of User Interface designs that satisfy business requirements and maintaining existing software assets to ensure they meet the business needs and…
222,Graduate/ Junior Software Engineer,Honeywell,https://uk.indeed.com/rc/clk?jk=e6aff7e7ba761513&fccid=50208b5bf45ee3b8&vjs=3,3.7,Horsham RH12,None,"Developing connected buildings services, applications and tools.
Using the latest technologies to prototype and enhance enterprise solutions."
223,Robotics Software Engineer,uvrobots,https://uk.indeed.com/company/uvrobots/jobs/Robotic-Software-Engineer-ebdaf3752789f49f?fccid=c8564094df51e62d&vjs=3,None,London W2 3DS Remote,None,"Developing and implementing new software algorithms for the software stack.
Robotics software development: 1 year (preferred).
Job Types: Part-time, Internship."
224,Apple Pay - Software Engineer (Platform),Apple,https://uk.indeed.com/rc/clk?jk=10fceaeae84028b7&fccid=c1099851e9794854&vjs=3,4.2,London,None,"Participate, learn and share knowledge with fellow engineers.
The Apple Pay team is looking for engineers who can help us design and deliver the next generation…"
225,Software Engineer; Full Stack - 139,Rocket Lawyer,https://uk.indeed.com/rc/clk?jk=bf87231377229f8f&fccid=d25e98cd4a33d7d9&vjs=3,None,London,None,"As part of a team consisting of a product manager, designer, software engineers and quality engineers, the full-stack software engineer is an active partner in…"
226,"Android Software Engineer, Research",Google,https://uk.indeed.com/rc/clk?jk=a9e794983299c6c0&fccid=a5b4499d9e91a5c6&vjs=3,4.3,London,None,"Google's software engineers develop the next-generation technologies that change how billions of users connect, explore, and interact with information and one…"
227,Software Test Engineer,Reqiva Ltd,https://uk.indeed.com/rc/clk?jk=fb235cb28930bf02&fccid=946fa3ef2e6daa21&vjs=3,None,Oxfordshire,"£40,000 a year","Relevant experience as a software test engineer.
Experience in software and hardware testing.
This company develop performance software and hardware products…"
228,Frontend Developer,Frasers Group,https://uk.indeed.com/rc/clk?jk=0c3d9aed09dace5e&fccid=c95d281510162577&vjs=3,3.2,London W1F,None,"Learning from and supporting the senior developers to improve own skillset.
Sharing knowledge with the wider teams to improve the standards for all."
229,Graduate Engineer - Systems and Front End,Baker Hughes,https://uk.indeed.com/rc/clk?jk=6c632cd87bfd2946&fccid=f4c6ba597fc7aa75&vjs=3,4.0,London W6,None,"The graduate engineer shall work under close guidance of senior engineers and mentors with rotations through discrete product groups, disciplines & business…"
230,Software Engineer,Digital Waffle,https://uk.indeed.com/rc/clk?jk=323d0c4312050b1f&fccid=af02b98b92a2145b&vjs=3,None,London Remote,£500 - £600 a week,"Experience with Python, AWS, and Microservice architecture is important.
Day Rate: £500 to £600.
This contract assignment will be Outside of IR35 and Fully…"
231,Junior Software Engineer,Sports Interactive,https://uk.indeed.com/rc/clk?jk=390c5666dc20f5ae&fccid=a117bec4a0d6ce42&vjs=3,4.3,London Remote,None,"Team members enjoy a flexible working schedule and a relaxed studio environment that encourages a close-knit, collaborative approach to game development."
232,Python Developer - Securities Services Technology: Analytics,"JPMorgan Chase Bank, N.A.",https://uk.indeed.com/rc/clk?jk=b1ba027d0ecd4c30&fccid=aaf3b433897ea465&vjs=3,3.9,London,None,"Ability to build performant software and possesses good performance tuning knowledge.
They will also assist with the development of web-based end-user tools in…"
233,React .NET Developer - 650 per day,BCT Resourcing,https://uk.indeed.com/pagead/clk?mo=r&ad=-6NYlbfkN0AuegQuxHf3iwprmb3e2M54KmKnwie0X5Zs1DuOu15t43wI--li3Gc7gHqwzPHDd4s-eMdHj0N3Hk1afeJ0vuRxWFpknMpqXA6oRSTkZOTIv6OA7-JBoyJ8H2BHommQPNs0ro8HitlHaMPqzTfgbAE4xUMJZEhZEFNHqjDkHbnmqRigXoEJDo0QaKQPLaln81aK6JSz1gAWtuOtbTXIuJrLC1jkPwn8SB_vungbqTGDHPgc3EXRvj0msVuaAaO5i_KONZ_6VzEf-8fzOz5BsX_s_bQz7Yk5Ffbn2Ft_J-IU1dV8rUrvDIixBkpabq5BiDdSi4mDR01lvnhewFci-GeiOh9DTyKblF2sPm8oSrngF1eP_A_WGBzu8JxJ2J_oZ0UJxwuiLwAl_k-6FU3uCnl3klUINTTCXMpheOqVbi-FmHmDHz0-rDppHLSpMpYPDUQfueqw0iK43YED152j8fsyfWMj1I4V6kbA10SjwrLqwrSsb1EAGKUvxWDp9AzaD-VOn4JqAXbBDyAUgNRDWTyd2VjoZyLBVpPNw8yf74utgw==&p=33&fvj=1&vjs=3,None,London SE1 Remote,£500 - £650 a day,"£500 - £650 per day.
The ideal candidate will need to an experienced Full Stack Developer with strong React, SQL and ."
234,Software Engineer (Game Dev) - 1 Year Internship,Siemens Industry Software Limited,https://uk.indeed.com/rc/clk?jk=f56153b65ea547e6&fccid=ea6bb53f0b18b8f2&vjs=3,4.0,Sheffield,None,"Knowledge of software engineering principles.
A passion for creating high-quality software.
As someone who’s opted for a placement within their degree course,…"
235,Software Development Engineer Returnship,Amazon UK Services Ltd.,https://uk.indeed.com/rc/clk?jk=32b6bbd98527c9bb&fccid=fe2d21eef233e94a&vjs=3,3.5,London,None,"Experience developing software in a Unix/Linux environment.
2+ years of non-internship professional software development experience."
236,"Software Engineer, Product",Facebook App,https://uk.indeed.com/rc/clk?jk=d768b5e55af07868&fccid=ba07516c418dda52&vjs=3,4.1,Remote,None,"Full stack web/mobile application development with a variety of coding languages.
Create consumer products and features using internal programming language Hack…"
237,Software Engineer: New Grad,Jane Street,https://uk.indeed.com/rc/clk?jk=80c5b30af092b8ca&fccid=0e38ef958e252f1e&vjs=3,None,London,None,About the Position We’re looking for Software Engineers who want to help us design and build the systems and tools that run the firm. You’ll find Software…
238,Senior Software Engineer,Visa,https://uk.indeed.com/rc/clk?jk=6ea7da53da9fac07&fccid=a3f737e511d9fc8c&vjs=3,3.9,Reading,None,"Building Open VisaNet will involve collaboration with an exceptional group of software engineers, security specialists, DevOps engineers, test automation…"
239,Software Engineer,Cheddar,https://uk.indeed.com/rc/clk?jk=3f391e6f133cb00d&fccid=86d6d7972627253c&vjs=3,None,London Remote,None,"Have experience designing and shipping software into production.
When the time comes, we will support you in your move (if required) and can assist in applying…"
240,Java - Backend Engineer - Greenfield,"JPMorgan Chase Bank, N.A.",https://uk.indeed.com/rc/clk?jk=458354285787405f&fccid=aaf3b433897ea465&vjs=3,3.9,London,None,"Develop and unit test software application modules using disciplined software development processes (Agile).
Design technology solutions on different scales."
241,Software Engineer,Siemens,https://uk.indeed.com/rc/clk?jk=febb1407ace87159&fccid=ea6bb53f0b18b8f2&vjs=3,4.0,Cambridge CB2 1PH,None,"Good understanding of the software development lifecycle.
Analysing and designing software solutions and algorithms.
Shape matching, particularly in 3D."
242,"Full Stack Software Engineer, Deloitte Ventures, Financial A...",Deloitte,https://uk.indeed.com/rc/clk?jk=f9d59423caf4ba2d&fccid=9e215d88a6b33622&vjs=3,4.0,London,None,Product Factory harnesses ground-breaking technology and the latest programming techniques to solve our clients' most complex and immediate issues.
243,Junior Developer,StoneX Group Inc.,https://uk.indeed.com/rc/clk?jk=a2384caee63ac454&fccid=b0284595fc4e36a7&vjs=3,None,Beckenham,None,"Supporting and complying with documented software process and procedure requirements spanning all phases of software product life cycle.
NET Web Forms and MVC."
244,Software Engineer - Technical Learning Solutions,"JPMorgan Chase Bank, N.A.",https://uk.indeed.com/rc/clk?jk=8d5ac67709c19173&fccid=aaf3b433897ea465&vjs=3,3.9,London,None,"Good understanding of systems design, modern software development best practices and architecture.
Python and Django full stack development."
245,Graduate Software Engineer,bluegate,https://uk.indeed.com/company/bluegate/jobs/Graduate-Software-Engineer-5fd16a9516c5864b?fccid=f3915320ed10019c&vjs=3,None,Cambridge CB4 0WZ,"£30,000 - £40,000 a year","This Graduate Software Engineer job will allow the successful candidate to become part of a highly educated and dedicated team, for a global market leader in…"
246,Software Engineer (Machine Learning),nPlan,https://uk.indeed.com/rc/clk?jk=75468f0593f7aaf8&fccid=02f70250ed4ce6ed&vjs=3,None,London Remote,None,"A history of designing and building high-performing rock-solid software.
You will be part of one of our product engineering squads, collaborating with other…"
247,Software Engineering Intern,Samsara,https://uk.indeed.com/rc/clk?jk=884ecc475855c37f&fccid=4a9c3fc37e5f1a80&vjs=3,4.3,London,None,Full-stack engineers design and develop features across a broad surface area with tangible impact on active and future customers.
248,Cloud Systems /Software Development Engineer,The Open University UK,https://uk.indeed.com/rc/clk?jk=8dbe076f4fb9eb01&fccid=f97e46d2424385fa&vjs=3,4.2,Milton Keynes,"£42,149 - £50,296 a year","You will provide technical leadership to teammates whilst collaborating with other teams to plan, design, develop and test the applications."
249,Software Engineer - Javascript/React,Bank of America,https://uk.indeed.com/rc/clk?jk=e86fb854ee6bbad4&fccid=5bd99dfa21c8a490&vjs=3,3.8,London,None,"Build and maintain User Interfaces across the Equities Risk and P&L space.
You will play a leading role in helping implement our long term vision to consolidate…"
